Date,Close,Sentiment_Score,Sentiment_Score_LinearFill,Close_logged
2017-09-28,23.5,0.1857,0.1857,3.1570004211501135
2017-09-29,26.540000915527344,0.45783333333333337,0.45783333333333337,3.278653063400193
2017-10-02,23.559999465942386,-0.09405000000000002,-0.09405000000000002,3.1595503361154056
2017-10-03,20.809999465942386,,-0.06646666666666667,3.035433614742034
2017-10-04,20.850000381469727,,-0.038883333333333325,3.0373539665407203
2017-10-05,22.01000022888184,-0.011299999999999977,-0.011299999999999977,3.0914969059373636
2017-10-06,23.20000076293945,,-0.47505,3.1441523115575847
2017-10-09,24.540000915527344,-0.9388,-0.9388,3.2003044765903175
2017-10-10,22.93000030517578,0.0,0.0,3.132446110178831
2017-10-11,23.65999984741211,,0.002371428571428572,3.1637858521010482
2017-10-12,23.6299991607666,,0.004742857142857144,3.1625170556832254
2017-10-13,23.020000457763672,,0.007114285714285716,3.136363423179213
2017-10-16,22.190000534057614,,0.009485714285714288,3.0996417610119926
2017-10-17,22.09000015258789,,0.011857142857142861,3.095125024339581
2017-10-18,22.049999237060547,,0.014228571428571432,3.0933125672924255
2017-10-19,22.030000686645508,,0.016600000000000004,3.092405191982908
2017-10-20,21.8700008392334,,0.018971428571428577,3.0851158730624024
2017-10-23,20.3700008392334,,0.02134285714285715,3.014063271438193
2017-10-24,19.770000457763672,,0.023714285714285722,2.984165660336985
2017-10-25,18.920000076293945,,0.026085714285714292,2.9402195676561815
2017-10-26,18.56999969482422,,0.028457142857142865,2.921547358930808
2017-10-27,18.790000915527344,,0.030828571428571438,2.933324862149553
2017-10-30,19.5,,0.03320000000000001,2.970414465569701
2017-10-31,20.3799991607666,,0.03557142857142858,3.014553986615314
2017-11-01,19.799999237060547,,0.03794285714285715,2.9856818991681933
2017-11-02,19.75,,0.040314285714285726,2.9831534913471307
2017-11-03,19.549999237060547,,0.0426857142857143,2.972975247406338
2017-11-06,19.34000015258789,,0.04505714285714287,2.9621754979149046
2017-11-07,19.1299991607666,,0.047428571428571445,2.951257739582145
2017-11-08,18.84000015258789,0.04980000000000001,0.04980000000000001,2.935982277247362
2017-11-09,29.190000534057614,-0.9404,-0.9404,3.3738262031619333
2017-11-10,33.25,0.622325,0.622325,3.5040547671018634
2017-11-13,42.709999084472656,-0.564,-0.564,3.7544330634174736
2017-11-14,36.95000076293945,0.6597,0.6597,3.6095656680420984
2017-11-15,39.31999969482422,-0.7096,-0.7096,3.6717332875176285
2017-11-16,39.790000915527344,,-0.5220466666666667,3.6836156474478177
2017-11-17,38.59000015258789,,-0.3344933333333333,3.6529931795036057
2017-11-20,39.02000045776367,,-0.14693999999999996,3.664074346926479
2017-11-21,37.2599983215332,,0.04061333333333339,3.6179203201260233
2017-11-22,40.599998474121094,0.22816666666666674,0.22816666666666674,3.703768029024462
2017-11-23,40.599998474121094,0.22816666666666674,0.22816666666666674,3.703768029024462
2017-11-24,39.47000122070313,0.0,0.0,3.675540920602121
2017-11-27,46.52000045776367,0.4404,0.4404,3.8398823374906113
2017-11-28,46.43000030517578,-0.3982,-0.3982,3.837945808604645
2017-11-29,44.86999893188477,0.5023,0.5023,3.803769396183229
2017-11-30,43.900001525878906,,0.047799999999999954,3.781914354839187
2017-12-01,43.54999923706055,-0.4067,-0.4067,3.77390968577981
2017-12-04,41.72999954223633,,-0.3163933333333333,3.731220283633807
2017-12-05,39.45000076293945,,-0.22608666666666666,3.6750340666312864
2017-12-06,44.2599983215332,,-0.13577999999999996,3.79008129670002
2017-12-07,42.52000045776367,,-0.04547333333333331,3.749974564239591
2017-12-08,44.790000915527344,0.044833333333333315,0.044833333333333315,3.8019849206596494
2017-12-11,47.97999954223633,,-0.07175000000000001,3.87078424787083
2017-12-12,46.95000076293945,,-0.18833333333333335,3.8490832219043134
2017-12-13,45.459999084472656,,-0.30491666666666667,3.816832798285212
2017-12-14,46.1500015258789,-0.4215,-0.4215,3.8318969940123253
2017-12-15,52.31000137329102,0.3112,0.3112,3.9571875836354544
2017-12-18,56.099998474121094,-0.17306666666666667,-0.17306666666666667,4.027135785329383
2017-12-19,56.58000183105469,,-0.2477625,4.035655598235645
2017-12-20,52.88999938964844,,-0.3224583333333333,3.9682142735378703
2017-12-21,53.849998474121094,,-0.39715416666666664,3.98620237526667
2017-12-22,51.61999893188477,-0.47185,-0.47185,3.94390917359858
2017-12-25,51.61999893188477,-0.47185,-0.47185,3.94390917359858
2017-12-26,54.86999893188477,,-0.5266571428571428,4.004966731604596
2017-12-27,54.7599983215332,,-0.5814642857142858,4.002959969768918
2017-12-28,53.18999862670898,,-0.6362714285714286,3.973870382935632
2017-12-29,51.77999877929688,,-0.6910785714285714,3.947003950748592
2018-01-01,51.77999877929688,,-0.7458857142857143,3.947003950748592
2018-01-02,52.06999969482422,,-0.8006928571428572,3.9525889613139324
2018-01-03,55.43999862670898,-0.8555,-0.8555,4.015301330110886
2018-01-04,51.2400016784668,,-0.27975000000000005,3.9365205097854963
2018-01-05,46.27999877929688,0.296,0.296,3.8347098759490037
2018-01-08,47.47000122070313,-0.7399,-0.7399,3.8600979582784807
2018-01-09,44.72999954223633,,-0.6415111111111111,3.800644407210827
2018-01-10,44.709999084472656,,-0.5431222222222223,3.800197169768874
2018-01-11,43.86999893188477,,-0.4447333333333333,3.7812306908308413
2018-01-12,43.38000106811523,,-0.34634444444444445,3.7699985300210246
2018-01-15,43.38000106811523,,-0.2479555555555556,3.7699985300210246
2018-01-16,39.18999862670898,,-0.14956666666666663,3.6684215771696658
2018-01-17,41.540000915527344,,-0.051177777777777766,3.726656840487623
2018-01-18,40.7599983215332,,0.04721111111111109,3.707701167175259
2018-01-19,40.22000122070313,0.1456,0.1456,3.6943644146951553
2018-01-22,43.61999893188477,,0.20774615384615386,3.7755157362866596
2018-01-23,42.61999893188477,,0.2698923076923077,3.7523236016091093
2018-01-24,42.25,,0.33203846153846156,3.7436043538031827
2018-01-25,44.099998474121094,,0.3941846153846154,3.786459747852371
2018-01-26,42.90999984741211,,0.45633076923076926,3.759104895447435
2018-01-29,42.36000061035156,,0.5184769230769231,3.746204535141883
2018-01-30,41.52000045776367,,0.5806230769230769,3.7261752498827696
2018-01-31,40.61999893188477,,0.6427692307692308,3.704260529856935
2018-02-01,39.91999816894531,,0.7049153846153846,3.6868774055751588
2018-02-02,40.459999084472656,,0.7670615384615385,3.700313809111637
2018-02-05,40.16999816894531,,0.8292076923076923,3.6931204027885487
2018-02-06,41.900001525878906,,0.8913538461538462,3.7352858633452493
2018-02-07,45.68999862670898,0.9535,0.9535,3.821879425518471
2018-02-08,43.70000076293945,,0.9597714285714286,3.777348119560113
2018-02-09,42.459999084472656,,0.9660428571428571,3.748562434712996
2018-02-12,43.22999954223633,,0.9723142857142857,3.7665346880905126
2018-02-13,43.02000045776367,,0.9785857142857143,3.7616651344803014
2018-02-14,44.849998474121094,,0.9848571428571429,3.8033235544829784
2018-02-15,45.63999938964844,,0.9911285714285714,3.820784511620703
2018-02-16,48.13000106811523,0.9974,0.9974,3.873905705507314
2018-02-19,48.13000106811523,0.9974,0.9974,3.873905705507314
2018-02-20,51.18000030517578,,0.693975,3.9353488366944362
2018-02-21,51.099998474121094,0.39055,0.39055,3.9337844673490143
2018-02-22,42.04999923706055,-0.7906,-0.7906,3.7388593682753313
2018-02-23,41.52000045776367,0.4007666666666667,0.4007666666666667,3.7261752498827696
2018-02-26,40.43999862670898,,0.35048333333333337,3.6998193601935405
2018-02-27,40.90999984741211,,0.3002,3.711374528211464
2018-02-28,40.77000045776367,,0.24991666666666668,3.7079465280591157
2018-03-01,38.72000122070313,,0.19963333333333333,3.6563562939347998
2018-03-02,37.56999969482422,0.14934999999999998,0.14934999999999998,3.6262058514630193
2018-03-05,39.0,,0.23906666666666665,3.6635616461296463
2018-03-06,38.58000183105469,,0.3287833333333333,3.652734054938823
2018-03-07,38.88999938964844,,0.4185,3.6607371324733498
2018-03-08,38.68999862670898,,0.5082166666666666,3.655581133217693
2018-03-09,38.5,,0.5979333333333333,3.6506582412937387
2018-03-12,37.86999893188477,,0.68765,3.6341592137089176
2018-03-13,37.36999893188477,,0.7773666666666667,3.6208682149152347
2018-03-14,36.93000030517578,,0.8670833333333333,3.6090242371280996
2018-03-15,36.27000045776367,0.9568,0.9568,3.590990965915811
2018-03-16,35.86000061035156,0.75095,0.75095,3.5796224851973872
2018-03-19,33.84999847412109,,0.5621583333333333,3.5219389542806194
2018-03-20,34.72999954223633,,0.3733666666666667,3.547603853575341
2018-03-21,34.25,,0.18457500000000004,3.5336865647082343
2018-03-22,33.509998321533196,,-0.004216666666666646,3.5118438516606827
2018-03-23,32.060001373291016,,-0.19300833333333334,3.4676091900164345
2018-03-26,34.59000015258789,-0.3818,-0.3818,3.543564627360407
2018-03-27,33.0,,0.06170000000000003,3.4965075614664802
2018-03-28,31.29999923706055,,0.5052000000000001,3.443618073171045
2018-03-29,31.10000038146973,0.9487,0.9487,3.437207831451096
2018-03-30,31.10000038146973,0.9487,0.9487,3.437207831451096
2018-04-02,30.32999992370605,,0.9413138888888889,3.412137319185028
2018-04-03,30.290000915527344,,0.9339277777777778,3.4108176552645446
2018-04-04,32.27000045776367,,0.9265416666666666,3.4741380202492955
2018-04-05,31.76000022888184,,0.9191555555555555,3.458207643585542
2018-04-06,31.36000061035156,,0.9117694444444444,3.445533214944948
2018-04-09,32.610000610351555,,0.9043833333333333,3.4846190085179267
2018-04-10,32.27000045776367,,0.8969972222222222,3.4741380202492955
2018-04-11,32.009998321533196,,0.8896111111111111,3.466048301546069
2018-04-12,33.689998626708984,,0.882225,3.5172010166558896
2018-04-13,32.689998626708984,,0.8748388888888888,3.487069178726604
2018-04-16,33.02000045776367,,0.8674527777777777,3.4971134523552063
2018-04-17,35.97999954223633,0.8600666666666666,0.8600666666666666,3.582963215799661
2018-04-18,31.71999931335449,-0.29295,-0.29295,3.456947375119563
2018-04-19,32.700000762939446,,-0.14936666666666668,3.4873751012346887
2018-04-20,32.56999969482422,,-0.0057833333333333625,3.483391609918299
2018-04-23,32.27000045776367,,0.13779999999999998,3.4741380202492955
2018-04-24,32.400001525878906,,0.28138333333333326,3.4781584698933106
2018-04-25,31.8799991607666,,0.42496666666666655,3.4619788275972523
2018-04-26,32.90999984741211,,0.5685499999999999,3.493776558318728
2018-04-27,32.700000762939446,,0.7121333333333331,3.4873751012346887
2018-04-30,32.540000915527344,,0.8557166666666665,3.482470129926335
2018-05-01,32.970001220703125,0.9993,0.9993,3.4955980941083014
2018-05-02,33.360000610351555,,0.9389,3.5073575957864556
2018-05-03,31.020000457763672,,0.8785,3.434632172505442
2018-05-04,31.54999923706055,,0.8181,3.451573564805306
2018-05-07,33.169998168945305,,0.7577,3.501645797756828
2018-05-08,33.11999893188477,,0.6973,3.5001372972672025
2018-05-09,36.08000183105469,0.6369,0.6369,3.5857387459442744
2018-05-10,35.459999084472656,-0.1531,-0.1531,3.5684052748274673
2018-05-11,35.139999389648445,,-0.06874444444444446,3.5593400653898115
2018-05-14,35.29999923706055,,0.015611111111111103,3.5638829423262353
2018-05-15,34.080001831054695,,0.09996666666666665,3.5287107556892443
2018-05-16,34.439998626708984,,0.18432222222222222,3.539218639684645
2018-05-17,34.259998321533196,,0.2686777777777778,3.5339784439039468
2018-05-18,35.400001525878906,,0.3530333333333333,3.566711863243652
2018-05-21,34.740001678466804,,0.43738888888888894,3.5478918091280645
2018-05-22,34.040000915527344,,0.5217444444444445,3.527536330600806
2018-05-23,34.549999237060554,0.6061,0.6061,3.542407528131495
2018-05-24,35.9900016784668,,0.5548500000000001,3.583241168727971
2018-05-25,38.540000915527344,0.5036,0.5036,3.65169668674147
2018-05-28,38.540000915527344,0.5036,0.5036,3.65169668674147
2018-05-29,38.599998474121094,,0.542625,3.6532522369402427
2018-05-30,38.45000076293945,,0.58165,3.6493587157940315
2018-05-31,37.459999084472656,,0.620675,3.6232736725758103
2018-06-01,37.06999969482422,0.6597,0.6597,3.6128080089302217
2018-06-04,38.02999877929688,,0.68704,3.6383752898417425
2018-06-05,40.2599983215332,,0.71438,3.695358378520964
2018-06-06,39.45000076293945,,0.7417199999999999,3.6750340666312864
2018-06-07,39.56999969482422,,0.76906,3.6780712476850312
2018-06-08,39.2400016784668,0.7964,0.7964,3.6696966774715447
2018-06-11,41.459999084472656,,0.7937666666666666,3.7247290849254493
2018-06-12,41.459999084472656,,0.7911333333333334,3.7247290849254493
2018-06-13,43.43000030517578,0.7885,0.7885,3.7711504535735734
2018-06-14,45.02000045776367,,0.7247181818181818,3.807106845646593
2018-06-15,43.29999923706055,,0.6609363636363637,3.768152617388595
2018-06-18,44.93000030517578,,0.5971545454545455,3.8051057298743185
2018-06-19,45.27000045776367,,0.5333727272727273,3.812644571559722
2018-06-20,46.75,,0.4695909090909091,3.844814255734696
2018-06-21,45.36999893188477,,0.4058090909090909,3.8148510701335487
2018-06-22,44.709999084472656,,0.34202727272727274,3.800197169768874
2018-06-25,42.0099983215332,,0.2782454545454546,3.7379076452273075
2018-06-26,43.9900016784668,,0.2144636363636364,3.783962373516272
2018-06-27,41.41999816894531,,0.15068181818181825,3.7237638117604193
2018-06-28,41.61999893188477,0.08689999999999998,0.08689999999999998,3.7285807953019794
2018-06-29,42.61999893188477,0.8016,0.8016,3.7523236016091093
2018-07-02,43.290000915527344,,0.7899499999999999,3.7679216826025916
2018-07-03,45.540000915527344,0.7783,0.7783,3.8185910807393997
2018-07-04,45.540000915527344,0.7783,0.7783,3.8185910807393997
2018-07-05,45.40999984741211,,0.6391625,3.815732341749633
2018-07-06,46.70000076293945,0.5000249999999999,0.5000249999999999,3.8437441810118846
2018-07-09,46.33000183105469,,0.6659833333333333,3.8357897389505653
2018-07-10,45.9900016784668,,0.8319416666666666,3.8284240180481746
2018-07-11,45.90999984741211,0.9979,0.9979,3.8266829549374997
2018-07-12,48.31000137329102,,0.9822500000000001,3.8776386069929556
2018-07-13,48.7599983215332,0.9666,0.9666,3.886910270190043
2018-07-16,48.2599983215332,,0.95338,3.8766030254172166
2018-07-17,51.38999938964844,,0.94016,3.9394435891272837
2018-07-18,49.5,,0.92694,3.901972669574645
2018-07-19,49.790000915527344,,0.91372,3.907814179041867
2018-07-20,49.77000045776367,0.9005,0.9005,3.907412402068045
2018-07-23,49.7400016784668,,0.55245,3.906809472120067
2018-07-24,46.90999984741211,0.2044,0.2044,3.8482308690875873
2018-07-25,48.709999084472656,,0.4303,3.885884329022981
2018-07-26,48.63999938964844,,0.6562,3.8844462251095653
2018-07-27,47.540000915527344,0.8821,0.8821,3.86157148119009
2018-07-30,44.310001373291016,,0.82271,3.7912104162041986
2018-07-31,45.41999816894531,,0.76332,3.81595249636357
2018-08-01,45.6500015258789,,0.7039300000000001,3.8210036404665826
2018-08-02,46.459999084472656,,0.6445400000000001,3.8385917076365517
2018-08-03,46.47000122070313,0.5851500000000001,0.5851500000000001,3.8388069693655145
2018-08-06,47.849998474121094,,0.787475,3.8680710860101666
2018-08-07,47.41999816894531,0.9898,0.9898,3.8590440420237058
2018-08-08,47.25,0.0,0.0,3.855452653939752
2018-08-09,57.31999969482422,0.43293333333333334,0.43293333333333334,4.048649597635899
2018-08-10,58.04999923706055,0.14146,0.14146,4.061304695001102
2018-08-13,55.38000106811523,,-0.04700500000000002,4.014218537029837
2018-08-14,55.790000915527344,,-0.23547000000000004,4.021594658267678
2018-08-15,54.5099983215332,,-0.42393500000000006,3.998384140284283
2018-08-16,57.04999923706055,-0.6124,-0.6124,4.043928062934913
2018-08-17,56.06999969482422,0.9125,0.9125,4.026600904692817
2018-08-20,57.02999877929688,,0.75118,4.043577423763868
2018-08-21,58.75,,0.58986,4.073291153024268
2018-08-22,59.68999862670898,,0.42854000000000003,4.089164479173505
2018-08-23,60.09000015258789,,0.26722,4.095843440885159
2018-08-24,63.2599983215332,0.1059,0.1059,4.147253191344673
2018-08-27,64.09999847412111,,0.1419,4.160444340121961
2018-08-28,62.9900016784668,0.1779,0.1779,4.142976010280397
2018-08-29,59.91999816894531,,0.19165000000000001,4.093010308650641
2018-08-30,60.68000030517578,,0.20540000000000003,4.105614159509596
2018-08-31,59.4900016784668,,0.21915,4.085808259414081
2018-09-03,59.4900016784668,,0.23290000000000002,4.085808259414081
2018-09-04,63.20000076293945,,0.24665000000000004,4.146304313224639
2018-09-05,61.349998474121094,,0.2604,4.116595146285218
2018-09-06,63.599998474121094,,0.27415,4.15261344635427
2018-09-07,65.23000335693361,0.28790000000000004,0.28790000000000004,4.177919537271036
2018-09-10,68.70999908447266,,-0.22409999999999997,4.229894735718471
2018-09-11,70.9800033569336,-0.7361,-0.7361,4.262398194512427
2018-09-12,70.94000244140625,0.9987,0.9987,4.261834483760562
2018-09-13,70.61000061035156,,0.9550000000000001,4.257171786172237
2018-09-14,71.12000274658203,0.9113,0.9113,4.264368629824631
2018-09-17,69.75,,0.9215333333333333,4.244917420701475
2018-09-18,72.06999969482422,,0.9317666666666666,4.277637864701914
2018-09-19,70.61000061035156,,0.942,4.257171786172237
2018-09-20,72.86000061035156,,0.9522333333333334,4.288539799957464
2018-09-21,72.44999694824219,,0.9624666666666667,4.28289662664443
2018-09-24,73.06999969482422,0.9727,0.9727,4.291417881626641
2018-09-25,73.02999877929688,,0.867,4.290870298916927
2018-09-26,73.33999633789062,,0.7613000000000001,4.295106112709863
2018-09-27,74.73999786376953,,0.6556000000000001,4.31401539547518
2018-09-28,73.02999877929688,0.5499,0.5499,4.290870298916927
2018-10-01,76.4800033569336,0.9829,0.9829,4.337029312636105
2018-10-02,71.63999938964844,,0.6836833333333334,4.271653568672807
2018-10-03,72.56999969482422,,0.38446666666666673,4.284551609084785
2018-10-04,66.81999969482422,0.08525,0.08525,4.202002432361478
2018-10-05,66.94000244140625,-0.7096,-0.7096,4.20379673225474
2018-10-08,65.63999938964844,,-0.70705,4.184185256923421
2018-10-09,64.5,-0.7045,-0.7045,4.1666652238017265
2018-10-10,56.45000076293945,,-0.022400000000000087,4.033355304110985
2018-10-11,56.08000183105469,0.6597,0.6597,4.026779275377096
2018-10-12,60.40999984741211,-0.1531,-0.1531,4.101154651624778
2018-10-15,61.68999862670898,,0.23057777777777777,4.122121820960386
2018-10-16,63.65999984741211,,0.6142555555555556,4.153556419457027
2018-10-17,60.84000015258789,0.9979333333333334,0.9979333333333334,4.108247469899111
2018-10-18,57.0099983215332,,0.9695555555555556,4.043226661601869
2018-10-19,54.09000015258789,,0.9411777777777778,3.9906493287043356
2018-10-22,53.90999984741211,0.9128,0.9128,3.9873159866331584
2018-10-23,54.09000015258789,,0.9236125,3.9906493287043356
2018-10-24,50.7400016784668,,0.934425,3.9267145872508906
2018-10-25,52.04999923706055,,0.9452375,3.9522047804031595
2018-10-26,51.81999969482422,,0.95605,3.9477761692448134
2018-10-29,50.47000122070313,,0.9668625,3.9213791245388783
2018-10-30,52.2599983215332,,0.977675,3.9562312279748464
2018-10-31,55.599998474121094,,0.9884875,4.018183173812671
2018-11-01,57.83000183105469,0.9993,0.9993,4.057507703832839
2018-11-02,57.88999938964844,0.7623,0.7623,4.058544647547614
2018-11-05,56.849998474121094,,0.8804000000000001,4.040416193356107
2018-11-06,55.61999893188477,0.9985,0.9985,4.018542829602021
2018-11-07,58.86000061035156,0.9898,0.9898,4.075161753174874
2018-11-08,45.7400016784668,0.4396999999999999,0.4396999999999999,3.822973225290454
2018-11-09,43.93999862670898,0.42095,0.42095,3.782825035702685
2018-11-12,41.459999084472656,,0.467945,3.7247290849254493
2018-11-13,42.43999862670898,,0.51494,3.7480912813873695
2018-11-14,43.20000076293945,,0.561935,3.7658405129107
2018-11-15,44.52999877929688,,0.60893,3.7961630919205605
2018-11-16,44.58000183105469,,0.655925,3.7972853690311785
2018-11-19,42.66999816894531,,0.70292,3.753496054287916
2018-11-20,40.86000061035156,,0.749915,3.710151604327106
2018-11-21,40.25,,0.79691,3.6951100038645723
2018-11-22,40.25,,0.843905,3.6951100038645723
2018-11-23,39.91999816894531,0.8909,0.8909,3.6868774055751588
2018-11-26,41.209999084472656,,0.8815466666666667,3.7186809231345803
2018-11-27,39.22000122070313,,0.8721933333333334,3.669186851892706
2018-11-28,38.93000030517578,,0.86284,3.6617651694614546
2018-11-29,40.84000015258789,,0.8534866666666667,3.709661997032701
2018-11-30,40.75,,0.8441333333333334,3.7074558396868715
2018-12-03,42.16999816894531,,0.8347800000000001,3.7417090243376783
2018-12-04,39.77999877929688,,0.8254266666666668,3.6833642427394726
2018-12-05,39.77999877929688,,0.8160733333333334,3.6833642427394726
2018-12-06,40.81999969482422,,0.8067200000000001,3.709172149905565
2018-12-07,37.91999816894531,,0.7973666666666667,3.635478629099513
2018-12-10,37.20000076293945,,0.7880133333333333,3.616308781788226
2018-12-11,35.810001373291016,,0.77866,3.578227222359713
2018-12-12,35.169998168945305,,0.7693066666666667,3.5601933944229187
2018-12-13,33.740001678466804,,0.7599533333333334,3.5186841268649105
2018-12-14,33.419998168945305,0.7506,0.7506,3.5091544683780573
2018-12-17,32.11999893188477,,0.49465000000000003,3.4694788558246614
2018-12-18,31.34000015258789,,0.23870000000000002,3.444895241796665
2018-12-19,30.61000061035156,,-0.017249999999999988,3.421326772896934
2018-12-20,29.65999984741211,-0.2732,-0.2732,3.389799331565218
2018-12-21,27.28000068664551,-0.1655,-0.1655,3.306153858145551
2018-12-24,27.170000076293945,,-0.2738333333333334,3.302113426246278
2018-12-25,27.170000076293945,,-0.38216666666666665,3.302113426246278
2018-12-26,30.35000038146973,,-0.49050000000000005,3.412796530074526
2018-12-27,30.459999084472656,,-0.5988333333333333,3.4164143174103065
2018-12-28,30.15999984741211,,-0.7071666666666667,3.406516538080475
2018-12-31,30.63999938964844,-0.8155,-0.8155,3.4223063249523005
2019-01-01,30.63999938964844,-0.8155,-0.8155,3.4223063249523005
2019-01-02,32.52000045776367,,-0.65605,3.4818552987559834
2019-01-03,30.10000038146973,-0.4966,-0.4966,3.404525184428243
2019-01-04,33.72999954223633,,0.2445,3.5183876355021484
2019-01-07,42.18000030517578,0.9856,0.9856,3.741946182285711
2019-01-08,40.88000106811523,,0.8546,3.710640972023512
2019-01-09,42.099998474121094,0.7236,0.7236,3.7400477044441804
2019-01-10,40.15999984741211,-0.3111,-0.3111,3.6928714715839743
2019-01-11,39.56999969482422,-0.4019,-0.4019,3.6780712476850312
2019-01-14,39.459999084472656,,-0.31512666666666667,3.6752874773930664
2019-01-15,40.4900016784668,,-0.22835333333333332,3.701055071497929
2019-01-16,39.88999938964844,,-0.14157999999999998,3.686125650616449
2019-01-17,41.63000106811523,,-0.05480666666666667,3.7288210868642278
2019-01-18,40.97999954223633,0.031966666666666664,0.031966666666666664,3.713084131640337
2019-01-21,40.97999954223633,0.031966666666666664,0.031966666666666664,3.713084131640337
2019-01-22,39.90999984741211,,0.14647500000000002,3.6866269152373428
2019-01-23,40.43999862670898,,0.26098333333333334,3.6998193601935405
2019-01-24,43.290000915527344,,0.3754916666666667,3.7679216826025916
2019-01-25,43.68999862670898,0.49000000000000005,0.49000000000000005,3.7771192115307275
2019-01-28,43.86000061035156,,0.51244,3.781002756905646
2019-01-29,42.849998474121094,,0.53488,3.757705609434012
2019-01-30,44.13000106811523,,0.55732,3.78713984748529
2019-01-31,44.95000076293945,,0.57976,3.8055507778906983
2019-02-01,45.209999084472656,,0.6022000000000001,3.8113182810559643
2019-02-04,47.43000030517578,,0.6246400000000001,3.8592549463237256
2019-02-05,48.15999984741211,,0.6470800000000001,3.8745287978322125
2019-02-06,48.38000106811523,,0.66952,3.8790865272595005
2019-02-07,46.86000061035156,,0.69196,3.847164446104651
2019-02-08,48.27000045776367,0.7144,0.7144,3.8768102591558007
2019-02-11,46.97999954223633,,0.6840733333333333,3.8497219694869678
2019-02-12,49.209999084472656,,0.6537466666666667,3.8960968362733888
2019-02-13,50.20000076293945,,0.62342,3.9160150418956805
2019-02-14,50.97000122070313,,0.5930933333333334,3.9312372483013935
2019-02-15,52.08000183105469,0.5627666666666666,0.5627666666666666,3.9527810330588133
2019-02-18,52.08000183105469,0.5627666666666666,0.5627666666666666,3.9527810330588133
2019-02-19,53.22000122070313,,0.7797000000000001,3.9744342884864676
2019-02-20,53.63999938964844,0.9966333333333334,0.9966333333333334,3.982295047034813
2019-02-21,51.47999954223633,0.827525,0.827525,3.9411933738358575
2019-02-22,64.47000122070311,0.5069285714285714,0.5069285714285714,4.166200018256965
2019-02-25,64.87000274658203,0.9814,0.9814,4.172385309564751
2019-02-26,65.08000183105469,,0.7947666666666667,4.17561731048628
2019-02-27,67.37000274658203,,0.6081333333333334,4.210199855741189
2019-02-28,66.29000091552734,0.4215,0.4215,4.1940390700642425
2019-03-01,69.08000183105469,0.5186,0.5186,4.23526527978477
2019-03-04,67.05000305175781,,0.6091249999999999,4.205438655242345
2019-03-05,68.83000183105469,,0.69965,4.231639723012839
2019-03-06,71.88999938964844,,0.7901750000000001,4.275137164505704
2019-03-07,70.80999755859375,0.8807,0.8807,4.260000199185413
2019-03-08,71.2699966430664,-0.49025,-0.49025,4.2664754344121425
2019-03-11,74.12000274658203,,0.24157500000000004,4.305685438473041
2019-03-12,70.72000122070312,0.9734,0.9734,4.258728435590461
2019-03-13,60.7400016784668,,0.9843500000000001,4.106602487251235
2019-03-14,61.81999969482422,0.9953000000000001,0.9953000000000001,4.124226931767448
2019-03-15,62.790000915527344,0.7816000000000001,0.7816000000000001,4.1397958397068
2019-03-18,63.61000061035156,,0.6943714285714286,4.152770700285926
2019-03-19,64.91999816894531,,0.6071428571428572,4.173155714441604
2019-03-20,64.97000122070311,,0.5199142857142858,4.173925643681159
2019-03-21,66.94000244140625,,0.43268571428571434,4.20379673225474
2019-03-22,63.90999984741211,,0.3454571428571429,4.157475841274647
2019-03-25,66.90000152587889,,0.2582285714285715,4.203198989942536
2019-03-26,64.30999755859375,0.171,0.171,4.163715102183682
2019-03-27,62.18000030517578,,0.1894,4.130033409538549
2019-03-28,64.38999938964844,,0.2078,4.164958332071111
2019-03-29,64.51000213623047,,0.2262,4.166820283658868
2019-04-01,69.11000061035156,,0.2446,4.235699446934898
2019-04-02,70.63999938964844,,0.263,4.257596547655393
2019-04-03,68.59999847412111,,0.2814,4.228292512488707
2019-04-04,64.48999786376953,0.2998,0.2998,4.166510139897298
2019-04-05,63.4000015258789,0.9966,0.9966,4.149463885510671
2019-04-08,60.72999954223633,0.9825,0.9825,4.106437802371798
2019-04-09,59.31999969482422,,0.8540916666666667,4.082946512125163
2019-04-10,58.56999969482422,,0.7256833333333333,4.070222614891246
2019-04-11,58.6500015258789,,0.597275,4.071587601116175
2019-04-12,56.5,0.4688666666666667,0.4688666666666667,4.034240638152395
2019-04-15,56.59000015258789,,0.452125,4.035832293850808
2019-04-16,58.040000915527344,,0.43538333333333334,4.061132443790062
2019-04-17,56.599998474121094,,0.4186416666666667,4.036008958250146
2019-04-18,56.68000030517578,0.4019,0.4019,4.037421420206668
2019-04-19,56.68000030517578,0.4019,0.4019,4.037421420206668
2019-04-22,58.20000076293945,,0.7003999999999999,4.063885367846317
2019-04-23,61.52999877929688,0.9989,0.9989,4.119524840913245
2019-04-24,60.97000122070313,,0.77795,4.110381959941098
2019-04-25,61.040000915527344,0.557,0.557,4.1115294019750115
2019-04-26,63.43999862670898,0.6705,0.6705,4.150094555679508
2019-04-29,63.27999877929688,,0.1159,4.1475693041688935
2019-04-30,63.59000015258789,,-0.4387,4.152456227678875
2019-05-01,63.68999862670898,-0.9933,-0.9933,4.154027542821161
2019-05-02,64.38999938964844,,-0.07840999999999998,4.164958332071111
2019-05-03,65.01999664306639,0.8364800000000001,0.8364800000000001,4.174694863246511
2019-05-06,65.75,0.9896,0.9896,4.185859671057874
2019-05-07,64.41000366210939,-0.9737,-0.9737,4.165268957415022
2019-05-08,64.91999816894531,0.80955,0.80955,4.173155714441604
2019-05-09,83.16999816894531,,0.5396333333333333,4.420886683864788
2019-05-10,82.75,0.26971666666666666,0.26971666666666666,4.415824014257172
2019-05-13,79.44999694824219,,0.3252333333333333,4.375127854571676
2019-05-14,82.83000183105469,,0.3807499999999999,4.41679033671635
2019-05-15,83.33999633789062,,0.4362666666666666,4.422928582052509
2019-05-16,83.27999877929688,,0.49178333333333324,4.422208409648895
2019-05-17,84.02999877929688,0.5472999999999999,0.5472999999999999,4.431173863413135
2019-05-20,83.33000183105469,,0.43304999999999993,4.42280865036765
2019-05-21,87.62999725341797,,0.3187999999999999,4.473123373724817
2019-05-22,88.0199966430664,,0.2045499999999999,4.47756402324464
2019-05-23,89.9800033569336,,0.09029999999999994,4.499587460720578
2019-05-24,95.77999877929688,-0.02395,-0.02395,4.562053882169598
2019-05-27,95.77999877929688,-0.02395,-0.02395,4.562053882169598
2019-05-28,88.83000183105469,0.9764,0.9764,4.486724451394631
2019-05-29,91.8000030517578,,0.5007444444444444,4.519612330869993
2019-05-30,93.33999633789062,,0.02508888888888894,4.536248701287585
2019-05-31,90.4000015258789,-0.4505666666666667,-0.4505666666666667,4.5042442842773225
2019-06-03,89.70999908447266,0.4199,0.4199,4.496582235365782
2019-06-04,93.5999984741211,,0.485325,4.539030367181421
2019-06-05,101.70999908447266,,0.55075,4.622125617636154
2019-06-06,100.25,,0.6161749999999999,4.6076670661866785
2019-06-07,101.87000274658205,0.6816,0.6816,4.623697517563612
2019-06-10,100.61000061035156,0.9885,0.9885,4.611251662370469
2019-06-11,100.1999969482422,,0.66425,4.607168158194099
2019-06-12,104.86000061035156,0.34,0.34,4.652626132965019
2019-06-13,104.97000122070312,,-0.18480000000000002,4.653674606676773
2019-06-14,102.0199966430664,-0.7096,-0.7096,4.625168839590118
2019-06-17,103.83999633789062,,-0.7198222222222223,4.642851217688932
2019-06-18,104.38999938964844,,-0.7300444444444445,4.6481338795733675
2019-06-19,106.48999786376952,,-0.7402666666666666,4.668051063966907
2019-06-20,104.9000015258789,,-0.7504888888888889,4.653007529948285
2019-06-21,102.56999969482422,,-0.7607111111111111,4.630545489344027
2019-06-24,100.02999877929688,,-0.7709333333333334,4.605470128793719
2019-06-25,93.25,,-0.7811555555555556,4.535284058523925
2019-06-26,92.3000030517578,,-0.7913777777777777,4.525044174572271
2019-06-27,93.2300033569336,-0.8016,-0.8016,4.535069594315612
2019-06-28,90.58000183105469,0.3818,0.3818,4.506233458342846
2019-07-01,91.37000274658205,0.9296,0.9296,4.514917227070527
2019-07-02,93.0500030517578,0.4404,0.4404,4.533137015885226
2019-07-03,93.51000213623048,0.412275,0.412275,4.538068405292297
2019-07-04,93.51000213623048,0.412275,0.412275,4.538068405292297
2019-07-05,98.11000061035156,0.469175,0.469175,4.586089304396394
2019-07-08,103.25,0.9915,0.9915,4.637153231841142
2019-07-09,103.4000015258789,,0.80625,4.638604976831378
2019-07-10,103.5,,0.621,4.639571612705423
2019-07-11,104.54000091552734,,0.43574999999999997,4.649569782042451
2019-07-12,102.47000122070312,0.25049999999999994,0.25049999999999994,4.629570084724412
2019-07-15,104.33999633789062,,0.16269999999999996,4.647654762496399
2019-07-16,111.94000244140624,,0.07489999999999997,4.717963035273167
2019-07-17,109.33999633789062,,-0.012900000000000023,4.694462259973992
2019-07-18,109.0199966430664,-0.1007,-0.1007,4.691531320844228
2019-07-19,106.8499984741211,0.6431333333333333,0.6431333333333333,4.671425967484587
2019-07-22,108.5999984741211,,0.6329146666666666,4.687671393449385
2019-07-23,104.91999816894531,,0.622696,4.65319813754676
2019-07-24,107.66000366210938,,0.6124773333333333,4.6789781471483165
2019-07-25,106.88999938964844,,0.6022586666666667,4.671800262575764
2019-07-26,110.4499969482422,0.59204,0.59204,4.704562902235906
2019-07-29,105.12999725341795,,0.5942195,4.655197653462161
2019-07-30,105.76000213623048,,0.596399,4.661172396302227
2019-07-31,103.33000183105469,,0.5985785,4.637927767946719
2019-08-01,100.84500122070312,,0.600758,4.613584696693856
2019-08-02,100.52999877929688,0.6029375,0.6029375,4.610456178274654
2019-08-05,102.56999969482422,0.9645,0.9645,4.630545489344027
2019-08-06,98.4800033569336,,0.6832,4.589853515963663
2019-08-07,100.97000122070312,0.4019,0.4019,4.614823455105991
2019-08-08,122.02999877929688,0.7055,0.7055,4.804266906140445
2019-08-09,125.31999969482422,0.16615,0.16615,4.830870463648819
2019-08-12,134.30000305175778,0.43445,0.43445,4.90007612625263
2019-08-13,135.33000183105472,0.906,0.906,4.907716253618708
2019-08-14,130.57000732421878,,0.25205,4.871909537514139
2019-08-15,129.39999389648438,-0.4019,-0.4019,4.862908334898981
2019-08-16,131.03999328613278,0.6597,0.6597,4.875502568869508
2019-08-19,134.96000671386722,,0.7634333333333333,4.904978487984801
2019-08-20,134.25999450683594,,0.8671666666666666,4.899778177596229
2019-08-21,138.58000183105472,0.9709,0.9709,4.931447789412215
2019-08-22,139.13999938964844,,0.7072499999999999,4.935480616108895
2019-08-23,137.74000549316406,0.4436,0.4436,4.925367889997226
2019-08-26,143.00999450683594,0.2732,0.2732,4.962914519473794
2019-08-27,147.02000427246094,0.8029000000000001,0.8029000000000001,4.990568661006347
2019-08-28,145.88999938964844,,0.9013,4.982852908900162
2019-08-29,149.8800048828125,0.9997,0.9997,5.009835006503632
2019-08-30,151.36000061035156,0.54815,0.54815,5.019661109336018
2019-09-02,151.36000061035156,0.54815,0.54815,5.019661109336018
2019-09-03,156.8800048828125,0.04435,0.04435,5.055481213012596
2019-09-04,168.91000366210938,0.6697,0.6697,5.129366050373085
2019-09-05,166.92999267578125,0.68,0.68,5.117574518991307
2019-09-06,169.86000061035156,-0.07385,-0.07385,5.134974571945126
2019-09-09,161.02999877929688,,0.04101250000000001,5.08159067544931
2019-09-10,144.13999938964844,0.155875,0.155875,4.970785045261859
2019-09-11,149.75999450683594,0.168,0.168,5.0090339760494995
2019-09-12,147.77999877929688,,-0.09951249999999998,4.995724673100229
2019-09-13,147.5500030517578,-0.367025,-0.367025,4.99416712207182
2019-09-16,149.5399932861328,0.8788,0.8788,5.0075638706749706
2019-09-17,150.52000427246094,,0.3176875,5.014095994109909
2019-09-18,129.8800048828125,-0.243425,-0.243425,4.866610984829443
2019-09-19,133.75999450683594,0.976,0.976,4.896047108269076
2019-09-20,108.0500030517578,-0.17695714285714287,-0.17695714285714287,4.682594111196836
2019-09-23,107.37000274658205,-0.64855,-0.64855,4.676280839026579
2019-09-24,103.52999877929688,,-0.4613499999999999,4.639861413987206
2019-09-25,106.3000030517578,,-0.27414999999999995,4.666265314056818
2019-09-26,103.33999633789062,-0.08695,-0.08695,4.638024487421556
2019-09-27,99.73999786376952,-0.07655,-0.07655,4.602566778699985
2019-09-30,101.76000213623048,,0.01589333333333333,4.622617120584643
2019-10-01,102.4000015258789,,0.10833666666666666,4.628886727506568
2019-10-02,102.62000274658205,,0.20078000000000001,4.631032872278406
2019-10-03,108.83999633789062,,0.29322333333333334,4.689878880268322
2019-10-04,106.7699966430664,0.38566666666666666,0.38566666666666666,4.670676956749416
2019-10-07,106.25,-0.6069,-0.6069,4.665794807804526
2019-10-08,108.0,,-0.3233,4.68213122712422
2019-10-09,117.79000091552734,,-0.03969999999999996,4.768903385743232
2019-10-10,116.12999725341795,0.2439,0.2439,4.75471022960674
2019-10-11,121.5999984741211,0.0,0.0,4.80073695698372
2019-10-14,119.12000274658205,,0.16146666666666668,4.780131411433024
2019-10-15,132.82000732421878,,0.32293333333333335,4.888994883256511
2019-10-16,132.5,0.4844,0.4844,4.886582645426277
2019-10-17,139.07000732421878,0.1983,0.1983,4.934977456156218
2019-10-18,129.94000244140622,-0.26943333333333336,-0.26943333333333336,4.867072824241104
2019-10-21,133.02999877929688,-0.9724,-0.9724,4.890574657519665
2019-10-22,129.05999755859378,,-0.67025,4.860277393590862
2019-10-23,128.75999450683594,,-0.3681,4.857950163768568
2019-10-24,131.22000122070312,,-0.06594999999999995,4.876875313219453
2019-10-25,133.74000549316406,0.23619999999999997,0.23619999999999997,4.895897657699288
2019-10-28,146.8800048828125,0.0,0.0,4.989615960115729
2019-10-29,147.24000549316406,,0.16415,4.992063945818372
2019-10-30,149.42999267578125,0.3283,0.3283,5.006828006738921
2019-10-31,147.1999969482422,0.8481,0.8481,4.991792185562725
2019-11-01,146.5,0.5360666666666667,0.5360666666666667,4.987025428457122
2019-11-04,140.50999450683594,,0.26850833333333335,4.945278621523777
2019-11-05,139.57000732421878,0.0009500000000000064,0.0009500000000000064,4.938566319997579
2019-11-06,141.0500030517578,0.13404,0.13404,4.949114459084005
2019-11-07,118.45999908447266,-0.49065000000000003,-0.49065000000000003,4.774575343120241
2019-11-08,121.94000244140624,0.07069999999999999,0.07069999999999999,4.803529140501043
2019-11-11,129.21000671386722,0.21075,0.21075,4.861439039695022
2019-11-12,135.35000610351562,,0.604525,4.9078640611546245
2019-11-13,142.3699951171875,0.9983,0.9983,4.958429268329015
2019-11-14,148.6999969482422,,0.5923071428571428,5.0019308329431915
2019-11-15,157.3000030517578,0.18631428571428568,0.18631428571428568,5.058154829465108
2019-11-18,160.1199951171875,0.9951,0.9951,5.0759235036296655
2019-11-19,153.91000366210938,0.5273333333333333,0.5273333333333333,5.036368039785699
2019-11-20,158.92999267578125,0.9682,0.9682,5.06846380762417
2019-11-21,155.91000366210938,,0.5662,5.0492789411770715
2019-11-22,158.75,0.16419999999999998,0.16419999999999998,5.067330637772801
2019-11-25,158.0800018310547,,0.32547499999999996,5.063101245582646
2019-11-26,164.27999877929688,0.48675,0.48675,5.101572281657733
2019-11-27,161.63999938964844,0.1691,0.1691,5.08537163643428
2019-11-28,161.63999938964844,0.1691,0.1691,5.08537163643428
2019-11-29,160.3699951171875,-0.3932399999999999,-0.3932399999999999,5.077483615073548
2019-12-02,136.07000732421878,-0.5403,-0.5403,4.913169513029611
2019-12-03,144.6300048828125,0.04914999999999997,0.04914999999999997,4.974178790846357
2019-12-04,150.5800018310547,,-0.36457500000000004,5.014494516581989
2019-12-05,148.33999633789062,-0.7783,-0.7783,4.999506911621143
2019-12-06,144.25999450683594,0.3244999999999999,0.3244999999999999,4.971617188997305
2019-12-09,145.5399932861328,,0.6411,4.980450916788204
2019-12-10,147.08999633789062,0.9577,0.9577,4.991044619434185
2019-12-11,145.6999969482422,,0.6503,4.98154969225567
2019-12-12,139.57000732421878,0.3429,0.3429,4.938566319997579
2019-12-13,132.49000549316406,0.79184,0.79184,4.886507212341002
2019-12-16,138.35000610351562,0.2588666666666667,0.2588666666666667,4.929786750349418
2019-12-17,135.27999877929688,0.9901500000000001,0.9901500000000001,4.907346695566795
2019-12-18,134.44000244140622,0.27663333333333334,0.27663333333333334,4.901118021016725
2019-12-19,137.72999572753906,0.6959,0.6959,4.925295215908686
2019-12-20,136.88999938964844,0.4037,0.4037,4.91917767914872
2019-12-23,140.13999938964844,,0.591175,4.942641918587089
2019-12-24,145.57000732421875,0.7786500000000001,0.7786500000000001,4.980657120890635
2019-12-25,145.57000732421875,0.7786500000000001,0.7786500000000001,4.980657120890635
2019-12-26,144.60000610351562,0.77335,0.77335,4.973971351934315
2019-12-27,139.52000427246094,0.2472333333333333,0.2472333333333333,4.938207990783239
2019-12-30,131.60000610351562,,0.41838333333333333,4.879767065270514
2019-12-31,133.89999389648438,0.5895333333333334,0.5895333333333334,4.897093207114485
2020-01-01,133.89999389648438,0.5895333333333334,0.5895333333333334,4.897093207114485
2020-01-02,137.10000610351562,0.009300000000000011,0.009300000000000011,4.9207106310869815
2020-01-03,137.50999450683594,-0.02776666666666668,-0.02776666666666668,4.923696601787474
2020-01-06,143.3699951171875,,0.1752,4.965428667200754
2020-01-07,138.19000244140622,,0.3781666666666667,4.928629567482418
2020-01-08,134.63999938964844,,0.5811333333333333,4.902604545349339
2020-01-09,133.78999328613278,0.7841,0.7841,4.896271356303396
2020-01-10,128.39999389648438,0.27408333333333335,0.27408333333333335,4.855150343720691
2020-01-13,133.92999267578122,0.128,0.128,4.897317220712113
2020-01-14,133.41999816894528,,0.1093,4.89350203355738
2020-01-15,132.5,,0.09059999999999999,4.886582645426277
2020-01-16,131.07000732421878,0.07189999999999996,0.07189999999999996,4.87573158751166
2020-01-17,130.3800048828125,-0.3676999999999999,-0.3676999999999999,4.870453300947018
2020-01-20,130.3800048828125,-0.3676999999999999,-0.3676999999999999,4.870453300947018
2020-01-21,136.6300048828125,0.5994,0.5994,4.91727657808788
2020-01-22,132.42999267578122,,-0.07179999999999997,4.88605414863253
2020-01-23,134.07000732421878,-0.743,-0.743,4.89836210624328
2020-01-24,130.08999633789062,-0.03299999999999995,-0.03299999999999995,4.868226490462884
2020-01-27,126.20999908447266,,0.10082500000000003,4.837947179016539
2020-01-28,129.61000061035156,,0.23465,4.864529946144423
2020-01-29,128.8800048828125,,0.36847499999999994,4.858881776755221
2020-01-30,130.63999938964844,0.5023,0.5023,4.872445443990198
2020-01-31,120.9499969482422,-0.4687,-0.4687,4.795377211824471
2020-02-03,127.5,0.9984999999999999,0.9984999999999999,4.848116364598481
2020-02-04,131.02999877929688,0.4552,0.4552,4.875426295300283
2020-02-05,125.94000244140624,,0.35954166666666665,4.835805622446068
2020-02-06,126.16000366210938,,0.26388333333333336,4.837550971682282
2020-02-07,124.25,0.168225,0.168225,4.822295664976738
2020-02-10,132.21000671386722,0.9773000000000001,0.9773000000000001,4.884391618303845
2020-02-11,137.0,0.90235,0.90235,4.919980925828125
2020-02-12,138.28999328613278,0.7968,0.7968,4.929352880927378
2020-02-13,139.05000305175778,0.97515,0.97515,4.934833602627171
2020-02-14,130.25,0.24892857142857144,0.24892857142857144,4.869455680633476
2020-02-17,130.25,0.24892857142857144,0.24892857142857144,4.869455680633476
2020-02-18,127.1500015258789,-0.8126,-0.8126,4.845367503868749
2020-02-19,126.55999755859376,0.9997,0.9997,4.840716484728839
2020-02-20,124.08000183105469,,0.5683571428571429,4.820926533625332
2020-02-21,119.37999725341795,0.1370142857142857,0.1370142857142857,4.78231165973345
2020-02-24,116.98999786376952,0.9952,0.9952,4.762088442799569
2020-02-25,118.66999816894531,0.2887,0.2887,4.776346516247245
2020-02-26,112.70999908447266,,0.21850000000000003,4.724818140131129
2020-02-27,110.02999877929688,0.14830000000000002,0.14830000000000002,4.700753044787546
2020-02-28,113.66999816894531,0.0,0.0,4.733299497590106
2020-03-02,114.66999816894531,,0.033795,4.742058422082177
2020-03-03,108.62000274658205,,0.06759,4.687855577892853
2020-03-04,109.61000061035156,,0.101385,4.696928616796025
2020-03-05,106.44000244140624,,0.13518,4.667581469046413
2020-03-06,102.0199966430664,0.168975,0.168975,4.625168839590118
2020-03-09,96.26000213623048,0.9777,0.9777,4.56705288606726
2020-03-10,97.3000030517578,,0.665,4.577799020556376
2020-03-11,90.62999725341795,,0.35230000000000006,4.50678525376125
2020-03-12,78.80999755859375,,0.03960000000000008,4.367039861387176
2020-03-13,80.94999694824219,-0.2731,-0.2731,4.39383164242435
2020-03-16,63.84000015258789,0.7454,0.7454,4.1563799555317145
2020-03-17,69.45999908447266,0.9797,0.9797,4.240751034135287
2020-03-18,67.5,-0.928,-0.928,4.212127597878484
2020-03-19,74.12000274658203,,-0.27355000000000007,4.305685438473041
2020-03-20,76.12999725341797,0.3809,0.3809,4.332442369240595
2020-03-23,89.45999908447266,,0.67935,4.493791587770772
2020-03-24,97.1999969482422,0.9778,0.9778,4.576770680069708
2020-03-25,94.8499984741211,,0.1341,4.552296680293739
2020-03-26,89.75,-0.7096,-0.7096,4.497028027368389
2020-03-27,87.44999694824219,-0.39313333333333333,-0.39313333333333333,4.471067166567437
2020-03-30,89.61000061035156,,0.04689583333333336,4.495466927707327
2020-03-31,87.4800033569336,0.48692500000000005,0.48692500000000005,4.471410234182293
2020-04-01,82.41999816894531,0.8126,0.8126,4.411828103694526
2020-04-02,82.52999877929688,,0.8514999999999999,4.41316184881357
2020-04-03,81.45999908447266,,0.8904,4.400112090981286
2020-04-06,89.48999786376953,,0.9293,4.4941268633236024
2020-04-07,87.80000305175781,0.9682,0.9682,4.475061535399132
2020-04-08,87.80999755859375,-0.0126,-0.0126,4.475175361568621
2020-04-09,92.4499969482422,0.5410333333333334,0.5410333333333334,4.526667924823314
2020-04-10,92.4499969482422,0.5410333333333334,0.5410333333333334,4.526667924823314
2020-04-13,96.55999755859376,0.8101666666666666,0.8101666666666666,4.570164551505449
2020-04-14,106.52999877929688,0.523225,0.523225,4.668426624164333
2020-04-15,113.0,0.664225,0.664225,4.727387818712341
2020-04-16,128.0,0.7375666666666666,0.7375666666666666,4.852030263919617
2020-04-17,126.8000030517578,0.7588874999999999,0.7588874999999999,4.842611066070615
2020-04-20,130.03999328613278,0.9463666666666667,0.9463666666666667,4.867842043806457
2020-04-21,123.55999755859376,0.65115,0.65115,4.816726848291509
2020-04-22,122.19000244140624,,0.5531833333333334,4.80557723030884
2020-04-23,123.05999755859376,,0.4552166666666667,4.81267202147319
2020-04-24,124.83000183105469,0.35725000000000007,0.35725000000000007,4.826952826331346
2020-04-27,128.6300048828125,0.8212,0.8212,4.856940104050761
2020-04-28,119.36000061035156,,0.7158833333333333,4.782144141568986
2020-04-29,119.5199966430664,,0.6105666666666667,4.783483693297713
2020-04-30,121.2300033569336,0.50525,0.50525,4.79768959544911
2020-05-01,114.0199966430664,0.9983,0.9983,4.7363738421618145
2020-05-04,124.3000030517578,,0.9926333333333333,4.822698023068217
2020-05-05,123.48999786376952,,0.9869666666666667,4.816160163830918
2020-05-06,127.5199966430664,0.9813,0.9813,4.848273188717143
2020-05-07,137.5,0.6240166666666666,0.6240166666666666,4.923623917106626
2020-05-08,126.66000366210938,0.6867142857142857,0.6867142857142857,4.841506360001195
2020-05-11,132.17999267578122,-0.8955,-0.8955,4.88416457463136
2020-05-12,127.16000366210938,,-0.2695666666666666,4.845446164841826
2020-05-13,117.55999755859376,,0.3563666666666667,4.766948820783395
2020-05-14,116.5999984741211,0.9823,0.9823,4.758749260829952
2020-05-15,112.93000030517578,0.46313333333333334,0.46313333333333334,4.726768160437923
2020-05-18,118.4499969482422,-0.2241,-0.2241,4.774490904840693
2020-05-19,116.0199966430664,,-0.13144999999999998,4.753762561103824
2020-05-20,117.04000091552734,,-0.03879999999999997,4.762515764534214
2020-05-21,114.6999969482422,,0.05385000000000004,4.7423199975288926
2020-05-22,108.51000213623048,0.14650000000000002,0.14650000000000002,4.686842354319062
2020-05-25,108.51000213623048,0.14650000000000002,0.14650000000000002,4.686842354319062
2020-05-26,107.58999633789062,0.9678,0.9678,4.67832767256818
2020-05-27,106.55999755859376,-0.6631,-0.6631,4.668708183880984
2020-05-28,109.1999969482422,0.9975,0.9975,4.693181035364304
2020-05-29,109.51000213623048,0.10553333333333331,0.10553333333333331,4.69601588879484
2020-06-01,112.9499969482422,,0.06128333333333333,4.72694521589535
2020-06-02,110.81999969482422,,0.017033333333333345,4.707907260685406
2020-06-03,103.95999908447266,,-0.02721666666666664,4.644006200966754
2020-06-04,102.93000030517578,-0.07146666666666664,-0.07146666666666664,4.634049148503355
2020-06-05,104.37999725341795,0.7195,0.7195,4.648038059901968
2020-06-08,112.9499969482422,0.9658,0.9658,4.72694521589535
2020-06-09,113.25,,0.8396,4.7295977643631435
2020-06-10,113.8000030517578,,0.7134,4.734442548509082
2020-06-11,106.9499969482422,,0.5871999999999999,4.672361406993979
2020-06-12,108.06999969482422,0.46099999999999997,0.46099999999999997,4.682779162491203
2020-06-15,107.48999786376952,,0.21612499999999998,4.677397800111212
2020-06-16,120.80999755859376,-0.028749999999999998,-0.028749999999999998,4.794219043322829
2020-06-17,117.31999969482422,-0.02074999999999999,-0.02074999999999999,4.764905241508025
2020-06-18,127.79000091552734,0.32985,0.32985,4.850388298784924
2020-06-19,128.5,0.9935,0.9935,4.855928904335275
2020-06-22,129.77999877929688,,0.4815666666666667,4.86584069978708
2020-06-23,127.87999725341795,,-0.030366666666666653,4.851092302713833
2020-06-24,123.3499984741211,-0.5423,-0.5423,4.815025830605046
2020-06-25,123.5999984741211,0.36695,0.36695,4.817050532678292
2020-06-26,122.5500030517578,0.839825,0.839825,4.808519134876265
2020-06-29,115.0500030517578,,0.7209166666666667,4.745366843006866
2020-06-30,116.52999877929688,,0.6020083333333334,4.758148740109731
2020-07-01,128.38999938964844,0.48310000000000003,0.48310000000000003,4.855072501849105
2020-07-02,128.64999389648438,-0.25736666666666663,-0.25736666666666663,4.857095491284957
2020-07-03,128.64999389648438,-0.25736666666666663,-0.25736666666666663,4.857095491284957
2020-07-06,132.02999877929688,,0.3708666666666667,4.88302916024546
2020-07-07,130.41999816894528,0.9991,0.9991,4.870759997925378
2020-07-08,133.75999450683594,,0.716,4.896047108269076
2020-07-09,149.69000244140625,0.4329,0.4329,5.008566505236892
2020-07-10,153.0500030517578,0.619,0.619,5.030764685331034
2020-07-13,149.05999755859375,,0.538656,5.004348893074866
2020-07-14,150.36000061035156,,0.458312,5.013032422755245
2020-07-15,154.2100067138672,,0.37796799999999997,5.038315353406736
2020-07-16,153.30999755859375,,0.297624,5.032461999397725
2020-07-17,148.36000061035156,0.21728,0.21728,4.99964175673538
2020-07-20,150.4600067138672,0.9568,0.9568,5.013697312754347
2020-07-21,153.36000061035156,,0.6378666666666666,5.032788102717251
2020-07-22,152.1699981689453,,0.3189333333333333,5.024998304899069
2020-07-23,150.16000366210938,0.0,0.0,5.011701416666302
2020-07-24,151.1699981689453,0.5349666666666667,0.5349666666666667,5.018405019248063
2020-07-27,155.97000122070312,0.8626,0.8626,5.049663688890259
2020-07-28,148.75,0.987,0.987,5.002267044425739
2020-07-29,151.57000732421875,,0.7938190476190476,5.021047612765916
2020-07-30,150.35000610351562,,0.6006380952380952,5.012965950029919
2020-07-31,154.88999938964844,0.4074571428571429,0.4074571428571429,5.042715183619119
2020-08-03,161.82000732421875,0.88015,0.88015,5.08648465164121
2020-08-04,166.44000244140625,,0.8392266666666667,5.114634898783127
2020-08-05,165.4199981689453,,0.7983033333333333,5.108487683194635
2020-08-06,153.8699951171875,0.7573799999999999,0.7573799999999999,5.036108058335924
2020-08-07,156.38999938964844,0.9912,0.9912,5.052352883545371
2020-08-10,150.41000366210938,,0.594125,5.013364923014635
2020-08-11,146.41000366210938,0.19705,0.19705,4.98641093021809
2020-08-12,146.97999572753906,0.9962,0.9962,4.9902964940324095
2020-08-13,149.97000122070312,0.69,0.69,5.010435282233237
2020-08-14,146.85000610351562,-0.2857,-0.2857,4.989411699207554
2020-08-17,145.7100067138672,0.7351,0.7351,4.981618391102677
2020-08-18,149.85000610351562,,0.551325,5.009634834493506
2020-08-19,147.3699951171875,,0.36755,4.992946398092156
2020-08-20,148.88999938964844,,0.18377500000000002,5.003207774168113
2020-08-21,147.1300048828125,0.0,0.0,4.991316582896918
2020-08-24,148.5800018310547,,0.10136666666666666,5.0011235460473555
2020-08-25,147.77000427246094,,0.20273333333333332,4.995657039828454
2020-08-26,164.27999877929688,0.3041,0.3041,5.101572281657733
2020-08-27,160.97000122070312,0.0,0.0,5.081218019801558
2020-08-28,172.85000610351562,0.591825,0.591825,5.152424201678687
2020-08-31,173.47999572753906,,0.7520625000000001,5.156062294339191
2020-09-01,179.27000427246094,0.9123,0.9123,5.188893073099295
2020-09-02,178.32000732421875,0.0762,0.0762,5.183579730151069
2020-09-03,166.89999389648438,,0.22899999999999998,5.117394794097893
2020-09-04,159.91000366210938,0.3818,0.3818,5.074611179872416
2020-09-07,159.91000366210938,0.3818,0.3818,5.074611179872416
2020-09-08,162.6300048828125,,0.43032499999999996,5.091477711964414
2020-09-09,161.17999267578125,,0.47885,5.082521707455126
2020-09-10,159.44000244140625,,0.5273749999999999,5.071667691216922
2020-09-11,155.4600067138672,0.5759,0.5759,5.046388506989176
2020-09-14,157.72999572753906,,0.7862,5.060884683412202
2020-09-15,168.52000427246094,0.9965,0.9965,5.127054462463658
2020-09-16,169.99000549316406,,0.6565833333333334,5.135739644105309
2020-09-17,164.6699981689453,,0.31666666666666676,5.103943460110367
2020-09-18,160.47000122070312,,-0.023249999999999882,5.0781070168183176
2020-09-21,188.82000732421875,-0.36316666666666664,-0.36316666666666664,5.240794219093792
2020-09-22,193.7899932861328,,0.09065555555555554,5.266775063893093
2020-09-23,187.25,,0.5444777777777777,5.232444622397328
2020-09-24,178.27000427246094,0.9983,0.9983,5.183299278930006
2020-09-25,182.42999267578125,0.32985,0.32985,5.206366497652023
2020-09-28,186.2899932861328,,0.4948875,5.227304563261748
2020-09-29,187.8699951171875,,0.659925,5.235750208288828
2020-09-30,188.8000030517578,,0.8249625,5.240688269875371
2020-10-01,200.33999633789062,0.99,0.99,5.300015904904146
2020-10-02,200.0,0.4298333333333333,0.4298333333333333,5.298317366548036
2020-10-05,204.16000366210938,,0.5720624999999999,5.318904018093873
2020-10-06,204.8300018310547,,0.7142916666666667,5.322180375751952
2020-10-07,212.5500030517578,,0.8565208333333334,5.359177269162634
2020-10-08,223.83999633789062,0.99875,0.99875,5.410931494556783
2020-10-09,223.9499969482422,0.18749999999999997,0.18749999999999997,5.411422799026348
2020-10-12,221.67999267578125,,0.09374999999999999,5.401234867515122
2020-10-13,238.5749969482422,0.0,0.0,5.47468371351171
2020-10-14,233.0500030517578,0.20349999999999996,0.20349999999999996,5.451253035913613
2020-10-15,226.47000122070312,0.4441,0.4441,5.422612491209775
2020-10-16,222.32000732421875,0.27835,0.27835,5.404117818378737
2020-10-19,222.13999938964844,,0.33653,5.403307810991375
2020-10-20,218.3999938964844,,0.39471,5.38632821592425
2020-10-21,222.77999877929688,,0.45289,5.406184731937633
2020-10-22,222.3600006103516,,0.51107,5.404297692830149
2020-10-23,223.9600067138672,0.56925,0.56925,5.411467494458667
2020-10-26,218.4199981689453,,0.6332,5.3864198063864
2020-10-27,225.07000732421875,,0.69715,5.416411497472463
2020-10-28,217.3999938964844,,0.7611,5.38173894661206
2020-10-29,217.92999267578125,,0.8250500000000001,5.3841738766995935
2020-10-30,202.3999938964844,0.889,0.889,5.310245907257601
2020-11-02,206.8800048828125,,0.852664,5.332138938625696
2020-11-03,203.4900054931641,,0.8163279999999999,5.315616890620859
2020-11-04,215.67999267578125,,0.779992,5.373795793765212
2020-11-05,225.05999755859372,,0.743656,5.416367022474049
2020-11-06,253.3600006103516,0.70732,0.70732,5.534811404639413
2020-11-09,221.91000366210938,0.9943,0.9943,5.402271910770565
2020-11-10,216.97999572753903,,0.9404444444444444,5.37980516370373
2020-11-11,231.42999267578125,,0.8865888888888888,5.444277420343907
2020-11-12,230.8999938964844,0.8327333333333332,0.8327333333333332,5.441984689926861
2020-11-13,228.1000061035156,0.5208833333333333,0.5208833333333333,5.429784156048411
2020-11-16,232.6999969482422,,0.3814888888888889,5.449750057193687
2020-11-17,237.1300048828125,,0.24209444444444445,5.468608534549308
2020-11-18,231.9900054931641,0.1027,0.1027,5.446694290967505
2020-11-19,255.6699981689453,0.3825,0.3825,5.543887543262014
2020-11-20,263.1400146484375,0.7432249999999999,0.7432249999999999,5.5726862656055385
2020-11-23,276.57998657226557,0.9671800000000002,0.9671800000000002,5.622500061487323
2020-11-24,273.010009765625,0.47265,0.47265,5.609508460320936
2020-11-25,278.0599975585937,0.5695571428571428,0.5695571428571428,5.627836908961255
2020-11-26,278.0599975585937,0.5695571428571428,0.5695571428571428,5.627836908961255
2020-11-27,275.33999633789057,-0.011700000000000007,-0.011700000000000007,5.618006684334479
2020-11-30,293.57000732421875,,0.11792499999999999,5.682116136631931
2020-12-01,285.7099914550781,0.24755,0.24755,5.654977280466592
2020-12-02,281.32998657226557,,0.41142499999999993,5.639528309786942
2020-12-03,289.1000061035156,0.5752999999999999,0.5752999999999999,5.666772670134426
2020-12-04,296.3800048828125,0.69775,0.69775,5.69164243123687
2020-12-07,299.9800109863281,,0.7654833333333333,5.703715842390748
2020-12-08,306.1300048828125,,0.8332166666666667,5.724009864286297
2020-12-09,306.2300109863281,0.90095,0.90095,5.724336489480017
2020-12-10,321.989990234375,,0.7669083333333333,5.774520458832573
2020-12-11,330.8699951171875,0.6328666666666667,0.6328666666666667,5.8017255342286695
2020-12-14,324.32000732421875,,0.6657850000000001,5.781730705286998
2020-12-15,320.1400146484375,,0.6987033333333333,5.768758445874899
2020-12-16,325.82000732421875,,0.7316216666666666,5.7863451041173635
2020-12-17,329.4800109863281,0.76454,0.76454,5.797515687417493
2020-12-18,340.7099914550781,0.491175,0.491175,5.831031650491914
2020-12-21,354.0,,0.24916249999999998,5.869296913133774
2020-12-22,354.7099914550781,0.00714999999999999,0.00714999999999999,5.871300530131303
2020-12-23,360.55999755859375,0.3735,0.3735,5.887658371611241
2020-12-24,356.989990234375,0.22035,0.22035,5.877707742827377
2020-12-25,356.989990234375,0.22035,0.22035,5.877707742827377
2020-12-28,340.4100036621094,,0.41401249999999995,5.830150784228945
2020-12-29,339.57000732421875,,0.607675,5.827680132881537
2020-12-30,338.739990234375,,0.8013374999999998,5.82523282263371
2020-12-31,332.0199890136719,0.9949999999999999,0.9949999999999999,5.805195174976573
2021-01-01,332.0199890136719,0.9949999999999999,0.9949999999999999,5.805195174976573
2021-01-04,317.8999938964844,0.9994,0.9994,5.761736848717274
2021-01-05,335.17999267578125,0.49895,0.49895,5.814667679105129
2021-01-06,342.95001220703125,0.92,0.92,5.837584699539531
2021-01-07,379.2900085449219,0.8624599999999999,0.8624599999999999,5.938301106520646
2021-01-08,399.1300048828125,0.46722857142857144,0.46722857142857144,5.989287190593814
2021-01-11,403.1300048828125,,0.49906428571428574,5.999259102686147
2021-01-12,415.2900085449219,0.5309,0.5309,6.028977091943548
2021-01-13,408.6000061035156,0.9778,0.9778,6.012736697321151
2021-01-14,418.4599914550781,,0.7865,6.03658128549118
2021-01-15,408.2999877929688,0.5952,0.5952,6.012002168428319
2021-01-18,408.2999877929688,0.5952,0.5952,6.012002168428319
2021-01-19,434.1400146484375,0.9955,0.9955,6.073367096468892
2021-01-20,428.5,0.3204,0.3204,6.060290738037835
2021-01-21,423.6400146484375,0.9994,0.9994,6.048884072553028
2021-01-22,422.8500061035156,0.7490833333333332,0.7490833333333332,6.047017520662465
2021-01-25,426.6400146484375,0.04620000000000002,0.04620000000000002,6.0559406006267675
2021-01-26,403.3999938964844,,0.40765,5.9999286103899285
2021-01-27,402.260009765625,0.7691,0.7691,5.997098670001972
2021-01-28,404.010009765625,,0.3025333333333333,6.001439654301801
2021-01-29,389.0299987792969,-0.16403333333333334,-0.16403333333333334,5.963656458329599
2021-02-01,416.20001220703125,0.4215,0.4215,6.031165943289258
2021-02-02,418.75,0.005149999999999988,0.005149999999999988,6.037274083139276
2021-02-03,425.0700073242188,0.17784999999999995,0.17784999999999995,6.052253878474863
2021-02-04,432.67999267578125,0.9806,0.9806,6.0699984078345235
2021-02-05,439.8900146484375,0.0,0.0,6.086524728957325
2021-02-08,434.6300048828125,0.8802333333333333,0.8802333333333333,6.074495105666527
2021-02-09,467.2999877929688,,0.7720555555555555,6.146971423583908
2021-02-10,469.6900024414063,,0.6638777777777778,6.1520729078189955
2021-02-11,465.6900024414063,0.5557,0.5557,6.143520181949018
2021-02-12,468.6700134277344,0.59015,0.59015,6.149898924703463
2021-02-15,468.6700134277344,0.59015,0.59015,6.149898924703463
2021-02-16,469.70001220703125,,0.5661999999999999,6.1520942190219445
2021-02-17,456.9700012207031,,0.54225,6.1246177458965185
2021-02-18,452.989990234375,0.5183,0.5183,6.115870028626041
2021-02-19,467.30999755859375,0.423225,0.423225,6.146992843782241
2021-02-22,437.2799987792969,0.9600799999999999,0.9600799999999999,6.080573719388176
2021-02-23,415.8699951171875,0.05714999999999998,0.05714999999999998,6.030372699681764
2021-02-24,413.7900085449219,,0.321525,6.025358619405921
2021-02-25,382.3399963378906,0.5859,0.5859,5.946310255522723
2021-02-26,395.4800109863281,0.5014833333333334,0.5014833333333334,5.980100244808663
2021-03-01,420.30999755859375,,0.6663222222222223,6.040992528448594
2021-03-02,389.6700134277344,,0.8311611111111111,5.965300261546548
2021-03-03,369.5,0.996,0.996,5.912150740388256
2021-03-04,359.95001220703125,0.51135,0.51135,5.885965166828441
2021-03-05,353.5400085449219,0.2985,0.2985,5.867996657277341
2021-03-08,327.19000244140625,0.9679,0.9679,5.790541049376104
2021-03-09,361.1099853515625,,0.8574333333333334,5.889182580494723
2021-03-10,356.5400085449219,,0.7469666666666667,5.8764464594899515
2021-03-11,363.3399963378906,0.6365000000000001,0.6365000000000001,5.895339024931584
2021-03-12,359.9599914550781,0.5048,0.5048,5.885992890427215
2021-03-15,362.9200134277344,,0.74945,5.894182461300585
2021-03-16,353.5799865722656,0.9941,0.9941,5.8681097301013665
2021-03-17,368.7099914550781,0.9091,0.9091,5.910010404018783
2021-03-18,341.95001220703125,0.5267,0.5267,5.834664563242398
2021-03-19,347.510009765625,-0.11530000000000004,-0.11530000000000004,5.850793469670924
2021-03-22,356.32000732421875,,-0.09552000000000002,5.875829224064229
2021-03-23,342.239990234375,,-0.07574000000000002,5.8355122167996605
2021-03-24,318.45001220703125,,-0.05596,5.7634655151500205
2021-03-25,317.6199951171875,,-0.03617999999999999,5.760855684309374
2021-03-26,306.82000732421875,-0.01639999999999997,-0.01639999999999997,5.726261280288013
2021-03-29,300.7900085449219,,0.479625,5.706412375250481
2021-03-30,311.9599914550781,0.97565,0.97565,5.742874947071215
2021-03-31,325.7699890136719,0.25520000000000004,0.25520000000000004,5.786191577172732
2021-04-01,331.8999938964844,0.6093,0.6093,5.804833700336307
2021-04-02,331.8999938964844,0.6093,0.6093,5.804833700336307
2021-04-05,328.2900085449219,0.7057,0.7057,5.793897390127039
2021-04-06,359.3699951171875,0.98775,0.98775,5.884352484824204
2021-04-07,361.9200134277344,0.4106,0.4106,5.891423230029143
2021-04-08,372.67999267578125,0.9958,0.9958,5.920720122929389
2021-04-09,373.6600036621094,0.6361333333333333,0.6361333333333333,5.923346302832337
2021-04-12,371.1199951171875,,0.527675,5.916525447286524
2021-04-13,387.9700012207031,,0.4192166666666667,5.960928020192717
2021-04-14,374.6600036621094,,0.31075833333333336,5.9260189578074
2021-04-15,388.6400146484375,0.2023,0.2023,5.962653502945395
2021-04-16,376.5199890136719,0.68882,0.68882,5.930971137500415
2021-04-19,361.1499938964844,,0.7231679999999999,5.889293367596633
2021-04-20,354.8500061035156,,0.757516,5.871695182171261
2021-04-21,356.6199951171875,,0.7918639999999999,5.876670775413981
2021-04-22,350.05999755859375,,0.826212,5.858104561388439
2021-04-23,356.8699951171875,0.8605599999999999,0.8605599999999999,5.8773715561219175
2021-04-26,368.6300048828125,0.926,0.926,5.90979344420926
2021-04-27,360.6499938964844,,0.8465041666666667,5.887907942026028
2021-04-28,357.739990234375,,0.7670083333333334,5.879806438266992
2021-04-29,356.70001220703125,,0.6875125000000001,5.876895126586968
2021-04-30,342.9700012207031,0.6080166666666668,0.6080166666666668,5.837642983343141
2021-05-03,335.30999755859375,0.9964000000000001,0.9964000000000001,5.815055469784587
2021-05-04,319.5899963378906,,0.6263666666666667,5.767038912832443
2021-05-05,304.1700134277344,,0.2563333333333333,5.71758679977809
2021-05-06,284.17999267578125,-0.11370000000000002,-0.11370000000000002,5.649607814436761
2021-05-07,317.0,0.20214999999999997,0.20214999999999997,5.75890177387728
2021-05-10,301.4100036621094,,0.550625,5.708471476292259
2021-05-11,314.1199951171875,0.8991,0.8991,5.749775062962256
2021-05-12,308.0299987792969,0.905,0.905,5.730197176864716
2021-05-13,309.6000061035156,0.8721,0.8721,5.73528116142977
2021-05-14,315.95001220703125,0.47685,0.47685,5.755584011855422
2021-05-17,312.42999267578125,,0.6074375,5.744380420641957
2021-05-18,325.5299987792969,,0.7380249999999999,5.785454619550332
2021-05-19,320.8399963378906,,0.8686125,5.770942545084594
2021-05-20,335.9800109863281,0.9992,0.9992,5.817051667081419
2021-05-21,330.6499938964844,0.26155,0.26155,5.801060395661528
2021-05-24,347.2200012207031,,0.6240749999999999,5.84995858832945
2021-05-25,345.70001220703125,0.9866,0.9866,5.8455713822386315
2021-05-26,348.989990234375,,0.7895,5.855043240514249
2021-05-27,349.0299987792969,,0.5924,5.855157874896059
2021-05-28,346.7099914550781,0.3953,0.3953,5.848488671009727
2021-05-31,346.7099914550781,0.3953,0.3953,5.848488671009727
2021-06-01,347.7099914550781,,0.429605,5.8513687744510445
2021-06-02,340.239990234375,,0.46391000000000004,5.8296512222432115
2021-06-03,323.79998779296875,,0.4982150000000001,5.7801260035442406
2021-06-04,327.1199951171875,0.5325200000000001,0.5325200000000001,5.790327061129716
2021-06-07,341.05999755859375,,0.7155100000000001,5.832058407726478
2021-06-08,340.1300048828125,0.8985,0.8985,5.829327911828849
2021-06-09,339.6400146484375,,0.021850000000000036,5.827886276260468
2021-06-10,347.80999755859375,-0.8548,-0.8548,5.851656346643892
2021-06-11,346.9800109863281,0.0010000000000000009,0.0010000000000000009,5.849267173060895
2021-06-14,364.8599853515625,0.99865,0.99865,5.899513678211968
2021-06-15,339.8800048828125,0.99875,0.99875,5.8285926285016245
2021-06-16,336.6700134277344,0.9993,0.9993,5.819103261992244
2021-06-17,352.29998779296875,,0.7992125,5.864483050697656
2021-06-18,368.42999267578125,0.599125,0.599125,5.909250714410863
2021-06-21,382.7300109863281,0.4019,0.4019,5.947329808448569
2021-06-22,403.5,0.3548,0.3548,6.000176487710004
2021-06-23,421.70001220703125,0.6759,0.6759,6.044294189699706
2021-06-24,423.5799865722656,0.74775,0.74775,6.048742366558868
2021-06-25,430.9400024414063,0.8771333333333334,0.8771333333333334,6.065968874941391
2021-06-28,440.3299865722656,0.726125,0.726125,6.087524415308145
2021-06-29,440.4800109863281,0.66685,0.66685,6.087865066336016
2021-06-30,459.25,0.8279,0.8279,6.129594724095235
2021-07-01,435.6700134277344,0.9986,0.9986,6.076885106857136
2021-07-02,430.3200073242188,,0.5160750000000001,6.064529134985388
2021-07-05,430.3200073242188,,0.03355000000000008,6.064529134985388
2021-07-06,435.17999267578125,,-0.448975,6.075759721773055
2021-07-07,419.010009765625,-0.9315,-0.9315,6.037894809292214
2021-07-08,420.2799987792969,0.865,0.865,6.0409211529160745
2021-07-09,431.6099853515625,0.368,0.368,6.067522368777992
2021-07-12,433.4100036621094,0.9359,0.9359,6.071684170658926
2021-07-13,427.1199951171875,0.9995,0.9995,6.057064992759986
2021-07-14,413.0,,0.93225,6.023447592961033
2021-07-15,406.0,0.865,0.865,6.0063531596017325
2021-07-16,399.989990234375,-0.08549999999999998,-0.08549999999999998,5.991439522380803
2021-07-19,407.70001220703125,0.9977,0.9977,6.010531639766417
2021-07-20,417.20001220703125,0.995,0.995,6.03356575238604
2021-07-21,422.1300048828125,,0.73875,6.045313335035356
2021-07-22,420.6499938964844,0.4825,0.4825,6.041801119487098
2021-07-23,473.6499938964844,0.6345400000000001,0.6345400000000001,6.160468639435413
2021-07-26,479.5,,0.7258300000000001,6.172743894323493
2021-07-27,459.3699951171875,,0.8171200000000001,6.129855974924757
2021-07-28,468.3500061035156,,0.90841,6.149215892687093
2021-07-29,449.6000061035156,0.9997,0.9997,6.108358312154916
2021-07-30,428.30999755859375,0.8451,0.8451,6.059847226769147
2021-08-02,421.3699951171875,0.9995,0.9995,6.0435112959807205
2021-08-03,417.7999877929688,,0.9387000000000001,6.035002819905062
2021-08-04,420.3200073242188,0.8779,0.8779,6.041016343362569
2021-08-05,403.4800109863281,0.8898333333333334,0.8898333333333334,6.000126947415563
2021-08-06,391.4700012207031,0.9994333333333333,0.9994333333333333,5.9699088872605195
2021-08-09,397.7300109863281,,0.9395555555555555,5.98577341073527
2021-08-10,379.260009765625,,0.8796777777777778,5.938222011461418
2021-08-11,369.2099914550781,0.8198,0.8198,5.911365564708556
2021-08-12,369.5199890136719,,0.6704,5.912204836391
2021-08-13,357.5899963378906,0.521,0.521,5.879387068461452
2021-08-16,356.5799865722656,,0.33022,5.87655858094962
2021-08-17,357.0400085449219,,0.13944,5.877847844253688
2021-08-18,344.7200012207031,,-0.05134000000000005,5.842732496848726
2021-08-19,343.3500061035156,,-0.24212,5.838750352843053
2021-08-20,351.20001220703125,-0.4329,-0.4329,5.861355896519022
2021-08-23,358.0,,-0.1512,5.8805329864007
2021-08-24,356.82000732421875,,0.1305,5.877231473472926
2021-08-25,353.4700012207031,,0.41219999999999996,5.867798619559401
2021-08-26,352.0,,0.6939,5.863631175598097
2021-08-27,357.0299987792969,0.9756,0.9756,5.877819808443409
2021-08-30,355.8999938964844,0.8882,0.8882,5.874649775366623
2021-08-31,352.3999938964844,,0.8882,5.864766876742173
